{
  "properties": [
    {
      "name": "spring.jpa.properties.hibernate.dialect",
      "type": "java.lang.String",
      "description": "A description for 'spring.jpa.properties.hibernate.dialect'"
    },
    {
      "name": "app.security.jwt-expiration-ms",
      "type": "java.lang.String",
      "description": "A description for 'app.security.jwt-expiration-ms'"
    },
    {
      "name": "app.security.jwtCookieName",
      "type": "java.lang.String",
      "description": "A description for 'app.security.jwtCookieName'"
    },
    {
      "name": "app.security.jwtSecret",
      "type": "java.lang.String",
      "description": "A description for 'app.security.jwtSecret'"
    }
  ]
}